Time(s),InsulinSynthesisRate(pmol/min)
0.02,133
0.04,133
0.06,133
0.08,133
0.10,133
0.12,133
0.14,133
0.16,133
0.18,133
0.20,133
0.22,133
0.24,133
0.26,133
0.28,133
0.30,133
0.32,133
0.34,133
0.36,133
0.38,133
0.40,133
0.42,133
0.44,133
0.46,133
0.48,133
0.50,133
0.52,133
0.54,133
0.56,133
0.58,133
0.60,133
0.62,133
0.64,133
0.66,133
0.68,133
0.70,133
0.72,133
0.74,133
0.76,133
0.78,133
0.80,133
0.82,133
0.84,133
0.86,133
0.88,133
0.90,133
0.92,133
0.94,133
0.96,133
0.98,133
1.00,133
1.02,133
1.04,132
1.06,132
1.08,132
1.10,132
1.12,132
1.14,132
1.16,132
1.18,132
1.20,132
1.22,132
1.24,132
1.26,132
1.28,132
1.30,132
1.32,132
1.34,132
1.36,132
1.38,132
1.40,132
1.42,132
1.44,132
1.46,132
1.48,132
1.50,132
1.52,132
1.54,132
1.56,132
1.58,132
1.60,132
1.62,132
1.64,132
1.66,132
1.68,132
1.70,132
1.72,132
1.74,132
1.76,132
1.78,132
1.80,132
1.82,132
1.84,132
1.86,132
1.88,132
1.90,132
1.92,132
1.94,132
1.96,132
1.98,132
2.00,132
2.02,132
2.04,132
2.06,132
2.08,132
2.10,132
2.12,132
2.14,132
2.16,132
2.18,132
2.20,132
2.22,132
2.24,132
2.26,132
2.28,132
2.30,132
2.32,132
2.34,132
2.36,132
2.38,132
2.40,132
2.42,132
2.44,132
2.46,132
2.48,132
2.50,132
2.52,132
2.54,132
2.56,132
2.58,132
2.60,132
2.62,132
2.64,132
2.66,132
2.68,132
2.70,132
2.72,132
2.74,132
2.76,132
2.78,132
2.80,132
2.82,132
2.84,132
2.86,132
2.88,132
2.90,132
2.92,132
2.94,132
2.96,132
2.98,132
3.00,132
3.02,132
3.04,132
3.06,132
3.08,132
3.10,132
3.12,132
3.14,132
3.16,132
3.18,132
3.20,132
3.22,132
3.24,132
3.26,132
3.28,132
3.30,132
3.32,132
3.34,132
3.36,132
3.38,132
3.40,132
3.42,132
3.44,132
3.46,132
3.48,132
3.50,132
3.52,132
3.54,132
3.56,132
3.58,132
3.60,132
3.62,132
3.64,132
3.66,132
3.68,132
3.70,132
3.72,132
3.74,132
3.76,132
3.78,132
3.80,132
3.82,132
3.84,132
3.86,132
3.88,132
3.90,132
3.92,132
3.94,132
3.96,132
3.98,132
4.00,132
4.02,132
4.04,132
4.06,132
4.08,132
4.10,132
4.12,132
4.14,132
4.16,132
4.18,132
4.20,132
4.22,132
4.24,132
4.26,132
4.28,132
4.30,132
4.32,132
4.34,132
4.36,132
4.38,132
4.40,132
4.42,132
4.44,132
4.46,132
4.48,132
4.50,132
4.52,132
4.54,132
4.56,132
4.58,132
4.60,132
4.62,132
4.64,132
4.66,132
4.68,132
4.70,132
4.72,132
4.74,132
4.76,132
4.78,132
4.80,132
4.82,132
4.84,132
4.86,132
4.88,132
4.90,132
4.92,132
4.94,132
4.96,132
4.98,132
5.00,132
5.02,132
5.04,132
5.06,132
5.08,132
5.10,132
5.12,132
5.14,132
5.16,132
5.18,132
5.20,132
5.22,132
5.24,132
5.26,132
5.28,132
5.30,132
5.32,132
5.34,132
5.36,132
5.38,132
5.40,132
5.42,132
5.44,132
5.46,132
5.48,132
5.50,132
5.52,132
5.54,132
5.56,132
5.58,132
5.60,132
5.62,132
5.64,132
5.66,132
5.68,132
5.70,132
5.72,132
5.74,132
5.76,132
5.78,132
5.80,132
5.82,132
5.84,132
5.86,132
5.88,132
5.90,132
5.92,132
5.94,132
5.96,132
5.98,132
6.00,132
6.02,132
6.04,132
6.06,132
6.08,132
6.10,132
6.12,132
6.14,132
6.16,132
6.18,132
6.20,132
6.22,132
6.24,132
6.26,132
6.28,132
6.30,132
6.32,132
6.34,132
6.36,132
6.38,132
6.40,132
6.42,132
6.44,132
6.46,132
6.48,132
6.50,132
6.52,132
6.54,132
6.56,132
6.58,132
6.60,132
6.62,132
6.64,132
6.66,132
6.68,132
6.70,132
6.72,132
6.74,132
6.76,132
6.78,132
6.80,132
6.82,132
6.84,132
6.86,132
6.88,132
6.90,132
6.92,132
6.94,132
6.96,132
6.98,132
7.00,132
7.02,132
7.04,132
7.06,132
7.08,132
7.10,132
7.12,132
7.14,132
7.16,132
7.18,132
7.20,132
7.22,132
7.24,132
7.26,132
7.28,132
7.30,132
7.32,132
7.34,132
7.36,132
7.38,132
7.40,132
7.42,132
7.44,132
7.46,132
7.48,132
7.50,132
7.52,132
7.54,132
7.56,132
7.58,132
7.60,132
7.62,132
7.64,132
7.66,132
7.68,132
7.70,132
7.72,132
7.74,132
7.76,132
7.78,132
7.80,132
7.82,132
7.84,132
7.86,132
7.88,132
7.90,132
7.92,132
7.94,132
7.96,132
7.98,132
8.00,132
8.02,132
8.04,132
8.06,132
8.08,132
8.10,132
8.12,132
8.14,132
8.16,132
8.18,132
8.20,132
8.22,132
8.24,132
8.26,132
8.28,132
8.30,132
8.32,132
8.34,132
8.36,132
8.38,132
8.40,132
8.42,132
8.44,132
8.46,132
8.48,132
8.50,132
8.52,132
8.54,132
8.56,132
8.58,132
8.60,132
8.62,132
8.64,132
8.66,132
8.68,132
8.70,132
8.72,132
8.74,132
8.76,132
8.78,132
8.80,132
8.82,132
8.84,132
8.86,132
8.88,132
8.90,132
8.92,132
8.94,132
8.96,132
8.98,132
9.00,132
9.02,132
9.04,132
9.06,132
9.08,132
9.10,132
9.12,132
9.14,132
9.16,132
9.18,132
9.20,132
9.22,132
9.24,132
9.26,132
9.28,132
9.30,132
9.32,132
9.34,132
9.36,132
9.38,132
9.40,132
9.42,132
9.44,132
9.46,132
9.48,132
9.50,132
9.52,132
9.54,132
9.56,132
9.58,132
9.60,132
9.62,132
9.64,132
9.66,132
9.68,132
9.70,132
9.72,132
9.74,132
9.76,132
9.78,132
9.80,132
9.82,132
9.84,132
9.86,132
9.88,132
9.90,132
9.92,132
9.94,132
9.96,132
9.98,132
10.00,132
10.02,132
10.04,132
10.06,132
10.08,132
10.10,132
10.12,132
10.14,132
10.16,132
10.18,132
10.20,132
10.22,132
10.24,132
10.26,132
10.28,132
10.30,132
10.32,132
10.34,132
10.36,132
10.38,132
10.40,132
10.42,132
10.44,132
10.46,132
10.48,132
10.50,132
10.52,132
10.54,132
10.56,132
10.58,132
10.60,132
10.62,132
10.64,132
10.66,132
10.68,132
10.70,132
10.72,132
10.74,132
10.76,132
10.78,132
10.80,132
10.82,132
10.84,132
10.86,132
10.88,132
10.90,132
10.92,132
10.94,132
10.96,132
10.98,132
11.00,132
11.02,132
11.04,132
11.06,132
11.08,132
11.10,132
11.12,132
11.14,132
11.16,132
11.18,132
11.20,132
11.22,132
11.24,132
11.26,132
11.28,132
11.30,132
11.32,132
11.34,132
11.36,132
11.38,132
11.40,132
11.42,132
11.44,132
11.46,132
11.48,132
11.50,132
11.52,132
11.54,132
11.56,132
11.58,132
11.60,132
11.62,132
11.64,132
11.66,132
11.68,132
11.70,132
11.72,132
11.74,132
11.76,132
11.78,132
11.80,132
11.82,132
11.84,132
11.86,132
11.88,132
11.90,132
11.92,132
11.94,132
11.96,132
11.98,132
12.00,132
12.02,132
12.04,132
12.06,132
12.08,132
12.10,132
12.12,132
12.14,132
12.16,132
12.18,132
12.20,132
12.22,132
12.24,132
12.26,132
12.28,132
12.30,132
12.32,132
12.34,132
12.36,132
12.38,132
12.40,132
12.42,132
12.44,132
12.46,132
12.48,132
12.50,132
12.52,132
12.54,132
12.56,132
12.58,132
12.60,132
12.62,132
12.64,132
12.66,132
12.68,132
12.70,132
12.72,132
12.74,132
12.76,132
12.78,132
12.80,132
12.82,132
12.84,132
12.86,132
12.88,132
12.90,132
12.92,132
12.94,132
12.96,132
12.98,132
13.00,132
13.02,132
13.04,132
13.06,132
13.08,132
13.10,132
13.12,132
13.14,132
13.16,132
13.18,132
13.20,132
13.22,132
13.24,132
13.26,132
13.28,132
13.30,132
13.32,132
13.34,132
13.36,132
13.38,132
13.40,132
13.42,132
13.44,132
13.46,132
13.48,132
13.50,132
13.52,132
13.54,132
13.56,132
13.58,132
13.60,132
13.62,132
13.64,132
13.66,132
13.68,132
13.70,132
13.72,132
13.74,132
13.76,132
13.78,132
13.80,132
13.82,132
13.84,132
13.86,132
13.88,132
13.90,132
13.92,132
13.94,132
13.96,132
13.98,132
14.00,132
14.02,132
14.04,132
14.06,132
14.08,132
14.10,132
14.12,132
14.14,132
14.16,132
14.18,132
14.20,132
14.22,132
14.24,132
14.26,132
14.28,132
14.30,132
14.32,132
14.34,132
14.36,132
14.38,132
14.40,132
14.42,132
14.44,132
14.46,132
14.48,132
14.50,132
14.52,132
14.54,132
14.56,132
14.58,132
14.60,132
14.62,132
14.64,132
14.66,132
14.68,132
14.70,132
14.72,132
14.74,132
14.76,132
14.78,132
14.80,132
14.82,132
14.84,132
14.86,132
14.88,132
14.90,132
14.92,132
14.94,132
14.96,132
14.98,132
15.00,132
15.02,132
15.04,132
15.06,132
15.08,132
15.10,132
15.12,132
15.14,132
15.16,132
15.18,132
15.20,132
15.22,132
15.24,132
15.26,132
15.28,131
15.30,131
15.32,131
15.34,131
15.36,131
15.38,131
15.40,131
15.42,131
15.44,131
15.46,131
15.48,131
15.50,131
15.52,131
15.54,131
15.56,131
15.58,131
15.60,131
15.62,131
15.64,131
15.66,131
15.68,131
15.70,131
15.72,131
15.74,131
15.76,131
15.78,131
15.80,131
15.82,131
15.84,131
15.86,131
15.88,131
15.90,131
15.92,131
15.94,131
15.96,131
15.98,131
16.00,131
16.02,131
16.04,131
16.06,131
16.08,131
16.10,131
16.12,131
16.14,131
16.16,131
16.18,131
16.20,131
16.22,131
16.24,131
16.26,131
16.28,131
16.30,131
16.32,131
16.34,131
16.36,131
16.38,131
16.40,131
16.42,131
16.44,131
16.46,131
16.48,131
16.50,131
16.52,131
16.54,131
16.56,131
16.58,131
16.60,131
16.62,131
16.64,131
16.66,131
16.68,131
16.70,131
16.72,131
16.74,131
16.76,131
16.78,131
16.80,131
16.82,131
16.84,131
16.86,131
16.88,131
16.90,131
16.92,131
16.94,131
16.96,131
16.98,131
17.00,131
17.02,131
17.04,131
17.06,131
17.08,131
17.10,131
17.12,131
17.14,131
17.16,131
17.18,131
17.20,131
17.22,131
17.24,131
17.26,131
17.28,131
17.30,131
17.32,131
17.34,131
17.36,131
17.38,131
17.40,131
17.42,131
17.44,131
17.46,131
17.48,131
17.50,131
17.52,131
17.54,131
17.56,131
17.58,131
17.60,131
17.62,131
17.64,131
17.66,131
17.68,131
17.70,131
17.72,131
17.74,131
17.76,131
17.78,131
17.80,131
17.82,131
17.84,131
17.86,131
17.88,131
17.90,131
17.92,131
17.94,131
17.96,131
17.98,131
18.00,131
18.02,131
18.04,131
18.06,131
18.08,131
18.10,131
18.12,131
18.14,131
18.16,131
18.18,131
18.20,131
18.22,131
18.24,131
18.26,131
18.28,131
18.30,131
18.32,131
18.34,131
18.36,131
18.38,131
18.40,131
18.42,131
18.44,131
18.46,131
18.48,131
18.50,131
18.52,131
18.54,131
18.56,131
18.58,131
18.60,131
18.62,131
18.64,131
18.66,131
18.68,131
18.70,131
18.72,131
18.74,131
18.76,131
18.78,131
18.80,131
18.82,131
18.84,131
18.86,131
18.88,131
18.90,131
18.92,131
18.94,131
18.96,131
18.98,131
19.00,131
19.02,131
19.04,131
19.06,131
19.08,131
19.10,131
19.12,131
19.14,131
19.16,131
19.18,131
19.20,131
19.22,131
19.24,131
19.26,131
19.28,131
19.30,131
19.32,131
19.34,131
19.36,131
19.38,131
19.40,131
19.42,131
19.44,131
19.46,131
19.48,131
19.50,131
19.52,131
19.54,131
19.56,131
19.58,131
19.60,131
19.62,131
19.64,131
19.66,131
19.68,131
19.70,131
19.72,131
19.74,131
19.76,131
19.78,131
19.80,131
19.82,131
19.84,131
19.86,131
19.88,131
19.90,131
19.92,131
19.94,131
19.96,131
19.98,131
20.00,131
20.02,131
20.04,131
20.06,131
20.08,131
20.10,131
20.12,131
20.14,131
20.16,131
20.18,131
20.20,131
20.22,131
20.24,131
20.26,131
20.28,131
20.30,131
20.32,131
20.34,131
20.36,131
20.38,131
20.40,131
20.42,131
20.44,131
20.46,131
20.48,131
20.50,131
20.52,131
20.54,131
20.56,131
20.58,131
20.60,131
20.62,131
20.64,131
20.66,131
20.68,131
20.70,131
20.72,131
20.74,131
20.76,131
20.78,131
20.80,131
20.82,131
20.84,131
20.86,131
20.88,131
20.90,131
20.92,131
20.94,131
20.96,131
20.98,131
21.00,131
21.02,131
21.04,131
21.06,131
21.08,131
21.10,131
21.12,131
21.14,131
21.16,131
21.18,131
21.20,131
21.22,131
21.24,131
21.26,131
21.28,131
21.30,131
21.32,131
21.34,131
21.36,131
21.38,131
21.40,131
21.42,131
21.44,131
21.46,131
21.48,131
21.50,131
21.52,131
21.54,131
21.56,131
21.58,131
21.60,131
21.62,131
21.64,131
21.66,131
21.68,131
21.70,131
21.72,131
21.74,131
21.76,131
21.78,131
21.80,131
21.82,131
21.84,131
21.86,131
21.88,131
21.90,131
21.92,131
21.94,131
21.96,131
21.98,131
22.00,131
22.02,131
22.04,131
22.06,131
22.08,131
22.10,131
22.12,131
22.14,131
22.16,131
22.18,131
22.20,131
22.22,131
22.24,131
22.26,131
22.28,131
22.30,131
22.32,131
22.34,131
22.36,131
22.38,131
22.40,131
22.42,131
22.44,131
22.46,131
22.48,131
22.50,131
22.52,131
22.54,131
22.56,131
22.58,131
22.60,131
22.62,131
22.64,131
22.66,131
22.68,131
22.70,131
22.72,131
22.74,131
22.76,131
22.78,131
22.80,131
22.82,131
22.84,131
22.86,131
22.88,131
22.90,131
22.92,131
22.94,131
22.96,131
22.98,131
23.00,131
23.02,131
23.04,131
23.06,131
23.08,131
23.10,131
23.12,131
23.14,131
23.16,131
23.18,131
23.20,131
23.22,131
23.24,131
23.26,131
23.28,131
23.30,131
23.32,131
23.34,131
23.36,131
23.38,131
23.40,131
23.42,131
23.44,131
23.46,131
23.48,131
23.50,131
23.52,131
23.54,131
23.56,131
23.58,131
23.60,131
23.62,131
23.64,131
23.66,131
23.68,131
23.70,131
23.72,131
23.74,131
23.76,131
23.78,131
23.80,131
23.82,131
23.84,131
23.86,131
23.88,131
23.90,131
23.92,131
23.94,131
23.96,131
23.98,131
24.00,131
24.02,131
24.04,131
24.06,131
24.08,131
24.10,131
24.12,131
24.14,131
24.16,131
24.18,131
24.20,131
24.22,131
24.24,131
24.26,131
24.28,131
24.30,131
24.32,131
24.34,131
24.36,131
24.38,131
24.40,131
24.42,131
24.44,131
24.46,131
24.48,131
24.50,131
24.52,131
24.54,131
24.56,131
24.58,131
24.60,131
24.62,131
24.64,131
24.66,131
24.68,131
24.70,131
24.72,131
24.74,131
24.76,131
24.78,131
24.80,131
24.82,131
24.84,131
24.86,131
24.88,131
24.90,131
24.92,131
24.94,131
24.96,131
24.98,131
25.00,131
25.02,131
25.04,131
25.06,131
25.08,131
25.10,131
25.12,131
25.14,131
25.16,131
25.18,131
25.20,131
25.22,131
25.24,131
25.26,131
25.28,131
25.30,131
25.32,131
25.34,131
25.36,131
25.38,131
25.40,131
25.42,131
25.44,131
25.46,131
25.48,131
25.50,131
25.52,131
25.54,131
25.56,131
25.58,131
25.60,131
25.62,131
25.64,131
25.66,131
25.68,131
25.70,131
25.72,131
25.74,131
25.76,131
25.78,131
25.80,131
25.82,131
25.84,131
25.86,131
25.88,131
25.90,131
25.92,131
25.94,131
25.96,131
25.98,131
26.00,131
26.02,131
26.04,131
26.06,131
26.08,131
26.10,131
26.12,131
26.14,131
26.16,131
26.18,131
26.20,131
26.22,131
26.24,131
26.26,131
26.28,131
26.30,131
26.32,131
26.34,131
26.36,131
26.38,131
26.40,131
26.42,131
26.44,131
26.46,131
26.48,131
26.50,131
26.52,131
26.54,131
26.56,131
26.58,131
26.60,131
26.62,131
26.64,131
26.66,131
26.68,131
26.70,131
26.72,131
26.74,131
26.76,131
26.78,131
26.80,131
26.82,131
26.84,131
26.86,131
26.88,131
26.90,131
26.92,131
26.94,131
26.96,131
26.98,131
27.00,131
27.02,131
27.04,131
27.06,131
27.08,131
27.10,131
27.12,131
27.14,131
27.16,131
27.18,131
27.20,131
27.22,131
27.24,131
27.26,131
27.28,131
27.30,131
27.32,131
27.34,131
27.36,131
27.38,131
27.40,131
27.42,131
27.44,131
27.46,131
27.48,131
27.50,131
27.52,131
27.54,131
27.56,131
27.58,131
27.60,131
27.62,131
27.64,131
27.66,131
27.68,131
27.70,131
27.72,131
27.74,131
27.76,131
27.78,131
27.80,131
27.82,131
27.84,131
27.86,131
27.88,131
27.90,131
27.92,131
27.94,131
27.96,131
27.98,131
28.00,131
28.02,131
28.04,131
28.06,131
28.08,131
28.10,131
28.12,131
28.14,131
28.16,131
28.18,131
28.20,131
28.22,131
28.24,131
28.26,131
28.28,131
28.30,131
28.32,131
28.34,131
28.36,131
28.38,131
28.40,131
28.42,131
28.44,131
28.46,131
28.48,131
28.50,131
28.52,131
28.54,131
28.56,131
28.58,131
28.60,131
28.62,131
28.64,131
28.66,131
28.68,131
28.70,131
28.72,131
28.74,131
28.76,131
28.78,131
28.80,131
28.82,131
28.84,131
28.86,131
28.88,131
28.90,131
28.92,131
28.94,131
28.96,131
28.98,131
29.00,131
29.02,131
29.04,131
29.06,131
29.08,131
29.10,131
29.12,131
29.14,131
29.16,131
29.18,131
29.20,131
29.22,131
29.24,131
29.26,131
29.28,131
29.30,131
29.32,131
29.34,131
29.36,131
29.38,131
29.40,131
29.42,131
29.44,131
29.46,131
29.48,131
29.50,131
29.52,131
29.54,131
29.56,131
29.58,131
29.60,131
29.62,131
29.64,131
29.66,130
29.68,130
29.70,130
29.72,130
29.74,130
29.76,130
29.78,130
29.80,130
29.82,130
29.84,130
29.86,130
29.88,130
29.90,130
29.92,130
29.94,130
29.96,130
29.98,130
30.00,130
30.02,130
30.04,130
30.06,130
30.08,130
30.10,130
30.12,130
30.14,130
30.16,130
30.18,130
30.20,130
30.22,130
30.24,130
30.26,130
30.28,130
30.30,130
30.32,130
30.34,130
30.36,130
30.38,130
30.40,130
30.42,130
30.44,130
30.46,130
30.48,130
30.50,130
30.52,130
30.54,130
30.56,130
30.58,130
30.60,130
30.62,130
30.64,130
30.66,130
30.68,130
30.70,130
30.72,130
30.74,130
30.76,130
30.78,130
30.80,130
30.82,130
30.84,130
30.86,130
30.88,130
30.90,130
30.92,130
30.94,130
30.96,130
30.98,130
31.00,130
31.02,130
31.04,130
31.06,130
31.08,130
31.10,130
31.12,130
31.14,130
31.16,130
31.18,130
31.20,130
31.22,130
31.24,130
31.26,130
31.28,130
31.30,130
31.32,130
31.34,130
31.36,130
31.38,130
31.40,130
31.42,130
31.44,130
31.46,130
31.48,130
31.50,130
31.52,130
31.54,130
31.56,130
31.58,130
31.60,130
31.62,130
31.64,130
31.66,130
31.68,130
31.70,130
31.72,130
31.74,130
31.76,130
31.78,130
31.80,130
31.82,130
31.84,130
31.86,130
31.88,130
31.90,130
31.92,130
31.94,130
31.96,130
31.98,130
32.00,130
32.02,130
32.04,130
32.06,130
32.08,130
32.10,130
32.12,130
32.14,130
32.16,130
32.18,130
32.20,130
32.22,130
32.24,130
32.26,130
32.28,130
32.30,130
32.32,130
32.34,130
32.36,130
32.38,130
32.40,130
32.42,130
32.44,130
32.46,130
32.48,130
32.50,130
32.52,130
32.54,130
32.56,130
32.58,130
32.60,130
32.62,130
32.64,130
32.66,130
32.68,130
32.70,130
32.72,130
32.74,130
32.76,130
32.78,130
32.80,130
32.82,130
32.84,130
32.86,130
32.88,130
32.90,130
32.92,130
32.94,130
32.96,130
32.98,130
33.00,130
33.02,130
33.04,130
33.06,130
33.08,130
33.10,130
33.12,130
33.14,130
33.16,130
33.18,130
33.20,130
33.22,130
33.24,130
33.26,130
33.28,130
33.30,130
33.32,130
33.34,130
33.36,130
33.38,130
33.40,130
33.42,130
33.44,130
33.46,130
33.48,130
33.50,130
33.52,130
33.54,130
33.56,130
33.58,130
33.60,130
33.62,130
33.64,130
33.66,130
33.68,130
33.70,130
33.72,130
33.74,130
33.76,130
33.78,130
33.80,130
33.82,130
33.84,130
33.86,130
33.88,130
33.90,130
33.92,130
33.94,130
33.96,130
33.98,130
34.00,130
34.02,130
34.04,130
34.06,130
34.08,130
34.10,130
34.12,130
34.14,130
34.16,130
34.18,130
34.20,130
34.22,130
34.24,130
34.26,130
34.28,130
34.30,130
34.32,130
34.34,130
34.36,130
34.38,130
34.40,130
34.42,130
34.44,130
34.46,130
34.48,130
34.50,130
34.52,130
34.54,130
34.56,130
34.58,130
34.60,130
34.62,130
34.64,130
34.66,130
34.68,130
34.70,130
34.72,130
34.74,130
34.76,130
34.78,130
34.80,130
34.82,130
34.84,130
34.86,130
34.88,130
34.90,130
34.92,130
34.94,130
34.96,130
34.98,130
35.00,130
35.02,130
35.04,130
35.06,130
35.08,130
35.10,130
35.12,130
35.14,130
35.16,130
35.18,130
35.20,130
35.22,130
35.24,130
35.26,130
35.28,130
35.30,130
35.32,130
35.34,130
35.36,130
35.38,130
35.40,130
35.42,130
35.44,130
35.46,130
35.48,130
35.50,130
35.52,130
35.54,130
35.56,130
35.58,130
35.60,130
35.62,130
35.64,130
35.66,130
35.68,130
35.70,130
35.72,130
35.74,130
35.76,130
35.78,130
35.80,130
35.82,130
35.84,130
35.86,130
35.88,130
35.90,130
35.92,130
35.94,130
35.96,130
35.98,130
36.00,130
36.02,130
36.04,130
36.06,130
36.08,130
36.10,130
36.12,130
36.14,130
36.16,130
36.18,130
36.20,130
36.22,130
36.24,130
36.26,130
36.28,130
36.30,130
36.32,130
36.34,130
36.36,130
36.38,130
36.40,130
36.42,130
36.44,130
36.46,130
36.48,130
36.50,130
36.52,130
36.54,130
36.56,130
36.58,130
36.60,130
36.62,130
36.64,130
36.66,130
36.68,130
36.70,130
36.72,130
36.74,130
36.76,130
36.78,130
36.80,130
36.82,130
36.84,130
36.86,130
36.88,130
36.90,130
36.92,130
36.94,130
36.96,130
36.98,130
37.00,130
37.02,130
37.04,130
37.06,130
37.08,130
37.10,130
37.12,130
37.14,130
37.16,130
37.18,130
37.20,130
37.22,130
37.24,130
37.26,130
37.28,130
37.30,130
37.32,130
37.34,130
37.36,130
37.38,130
37.40,130
37.42,130
37.44,130
37.46,130
37.48,130
37.50,130
37.52,130
37.54,130
37.56,130
37.58,130
37.60,130
37.62,130
37.64,130
37.66,130
37.68,130
37.70,130
37.72,130
37.74,130
37.76,130
37.78,130
37.80,130
37.82,130
37.84,130
37.86,130
37.88,130
37.90,130
37.92,130
37.94,130
37.96,130
37.98,130
38.00,130
38.02,130
38.04,130
38.06,130
38.08,130
38.10,130
38.12,130
38.14,130
38.16,130
38.18,130
38.20,130
38.22,130
38.24,130
38.26,130
38.28,130
38.30,130
38.32,130
38.34,130
38.36,130
38.38,130
38.40,130
38.42,130
38.44,130
38.46,130
38.48,130
38.50,130
38.52,130
38.54,130
38.56,130
38.58,130
38.60,130
38.62,130
38.64,130
38.66,130
38.68,130
38.70,130
38.72,130
38.74,130
38.76,130
38.78,130
38.80,130
38.82,130
38.84,130
38.86,130
38.88,130
38.90,130
38.92,130
38.94,130
38.96,130
38.98,130
39.00,130
39.02,130
39.04,130
39.06,130
39.08,130
39.10,130
39.12,130
39.14,130
39.16,130
39.18,130
39.20,130
39.22,130
39.24,130
39.26,130
39.28,130
39.30,130
39.32,130
39.34,130
39.36,130
39.38,130
39.40,130
39.42,130
39.44,130
39.46,130
39.48,130
39.50,130
39.52,130
39.54,130
39.56,130
39.58,130
39.60,130
39.62,130
39.64,130
39.66,130
39.68,130
39.70,130
39.72,130
39.74,130
39.76,130
39.78,130
39.80,130
39.82,130
39.84,130
39.86,130
39.88,130
39.90,130
39.92,130
39.94,130
39.96,130
39.98,130
40.00,130
40.02,130
40.04,130
40.06,130
40.08,130
40.10,130
40.12,130
40.14,130
40.16,130
40.18,130
40.20,130
40.22,130
40.24,130
40.26,130
40.28,130
40.30,130
40.32,130
40.34,130
40.36,130
40.38,130
40.40,130
40.42,130
40.44,130
40.46,130
40.48,130
40.50,130
40.52,130
40.54,130
40.56,130
40.58,130
40.60,130
40.62,130
40.64,130
40.66,130
40.68,130
40.70,130
40.72,130
40.74,130
40.76,130
40.78,130
40.80,130
40.82,130
40.84,130
40.86,130
40.88,130
40.90,130
40.92,130
40.94,130
40.96,130
40.98,130
41.00,130
41.02,130
41.04,130
41.06,130
41.08,130
41.10,130
41.12,130
41.14,130
41.16,130
41.18,130
41.20,130
41.22,130
41.24,130
41.26,130
41.28,130
41.30,130
41.32,130
41.34,130
41.36,130
41.38,130
41.40,130
41.42,130
41.44,130
41.46,130
41.48,130
41.50,130
41.52,130
41.54,130
41.56,130
41.58,130
41.60,130
41.62,130
41.64,130
41.66,130
41.68,130
41.70,130
41.72,130
41.74,130
41.76,130
41.78,130
41.80,130
41.82,130
41.84,130
41.86,130
41.88,130
41.90,130
41.92,130
41.94,130
41.96,130
41.98,130
42.00,130
42.02,130
42.04,130
42.06,130
42.08,130
42.10,130
42.12,130
42.14,130
42.16,130
42.18,130
42.20,130
42.22,130
42.24,130
42.26,130
42.28,130
42.30,130
42.32,130
42.34,130
42.36,130
42.38,130
42.40,130
42.42,130
42.44,130
42.46,130
42.48,130
42.50,130
42.52,130
42.54,130
42.56,130
42.58,130
42.60,130
42.62,130
42.64,130
42.66,130
42.68,130
42.70,130
42.72,130
42.74,130
42.76,130
42.78,130
42.80,130
42.82,130
42.84,130
42.86,130
42.88,130
42.90,130
42.92,130
42.94,130
42.96,130
42.98,130
43.00,130
43.02,130
43.04,130
43.06,130
43.08,130
43.10,130
43.12,130
43.14,130
43.16,130
43.18,130
43.20,130
43.22,130
43.24,130
43.26,130
43.28,130
43.30,130
43.32,130
43.34,130
43.36,130
43.38,130
43.40,130
43.42,130
43.44,130
43.46,130
43.48,130
43.50,130
43.52,130
43.54,130
43.56,130
43.58,130
43.60,130
43.62,130
43.64,130
43.66,130
43.68,130
43.70,130
43.72,130
43.74,130
43.76,130
43.78,130
43.80,130
43.82,130
43.84,130
43.86,130
43.88,130
43.90,130
43.92,130
43.94,130
43.96,130
43.98,130
44.00,130
44.02,130
44.04,130
44.06,130
44.08,130
44.10,130
44.12,130
44.14,130
44.16,130
44.18,130
44.20,130
44.22,130
44.24,130
44.26,130
44.28,130
44.30,130
44.32,130
44.34,130
44.36,130
44.38,130
44.40,130
44.42,130
44.44,130
44.46,130
44.48,130
44.50,130
44.52,130
44.54,130
44.56,130
44.58,130
44.60,130
44.62,130
44.64,130
44.66,130
44.68,130
44.70,130
44.72,130
44.74,130
44.76,130
44.78,130
44.80,130
44.82,130
44.84,130
44.86,130
44.88,130
44.90,130
44.92,130
44.94,129
44.96,129
44.98,129
45.00,129
45.02,129
45.04,129
45.06,129
45.08,129
45.10,129
45.12,129
45.14,129
45.16,129
45.18,129
45.20,129
45.22,129
45.24,129
45.26,129
45.28,129
45.30,129
45.32,129
45.34,129
45.36,129
45.38,129
45.40,129
45.42,129
45.44,129
45.46,129
45.48,129
45.50,129
45.52,129
45.54,129
45.56,129
45.58,129
45.60,129
45.62,129
45.64,129
45.66,129
45.68,129
45.70,129
45.72,129
45.74,129
45.76,129
45.78,129
45.80,129
45.82,129
45.84,129
45.86,129
45.88,129
45.90,129
45.92,129
45.94,129
45.96,129
45.98,129
46.00,129
46.02,129
46.04,129
46.06,129
46.08,129
46.10,129
46.12,129
46.14,129
46.16,129
46.18,129
46.20,129
46.22,129
46.24,129
46.26,129
46.28,129
46.30,129
46.32,129
46.34,129
46.36,129
46.38,129
46.40,129
46.42,129
46.44,129
46.46,129
46.48,129
46.50,129
46.52,129
46.54,129
46.56,129
46.58,129
46.60,129
46.62,129
46.64,129
46.66,129
46.68,129
46.70,129
46.72,129
46.74,129
46.76,129
46.78,129
46.80,129
46.82,129
46.84,129
46.86,129
46.88,129
46.90,129
46.92,129
46.94,129
46.96,129
46.98,129
47.00,129
47.02,129
47.04,129
47.06,129
47.08,129
47.10,129
47.12,129
47.14,129
47.16,129
47.18,129
47.20,129
47.22,129
47.24,129
47.26,129
47.28,129
47.30,129
47.32,129
47.34,129
47.36,129
47.38,129
47.40,129
47.42,129
47.44,129
47.46,129
47.48,129
47.50,129
47.52,129
47.54,129
47.56,129
47.58,129
47.60,129
47.62,129
47.64,129
47.66,129
47.68,129
47.70,129
47.72,129
47.74,129
47.76,129
47.78,129
47.80,129
47.82,129
47.84,129
47.86,129
47.88,129
47.90,129
47.92,129
47.94,129
47.96,129
47.98,129
48.00,129
48.02,129
48.04,129
48.06,129
48.08,129
48.10,129
48.12,129
48.14,129
48.16,129
48.18,129
48.20,129
48.22,129
48.24,129
48.26,129
48.28,129
48.30,129
48.32,129
48.34,129
48.36,129
48.38,129
48.40,129
48.42,129
48.44,129
48.46,129
48.48,129
48.50,129
48.52,129
48.54,129
48.56,129
48.58,129
48.60,129
48.62,129
48.64,129
48.66,129
48.68,129
48.70,129
48.72,129
48.74,129
48.76,129
48.78,129
48.80,129
48.82,129
48.84,129
48.86,129
48.88,129
48.90,129
48.92,129
48.94,129
48.96,129
48.98,129
49.00,129
49.02,129
49.04,129
49.06,129
49.08,129
49.10,129
49.12,129
49.14,129
49.16,129
49.18,129
49.20,129
49.22,129
49.24,129
49.26,129
49.28,129
49.30,129
49.32,129
49.34,129
49.36,129
49.38,129
49.40,129
49.42,129
49.44,129
49.46,129
49.48,129
49.50,129
49.52,129
49.54,129
49.56,129
49.58,129
49.60,129
49.62,129
49.64,129
49.66,129
49.68,129
49.70,129
49.72,129
49.74,129
49.76,129
49.78,129
49.80,129
49.82,129
49.84,129
49.86,129
49.88,129
49.90,129
49.92,129
49.94,129
49.96,129
49.98,129
50.00,129
50.02,129
50.04,129
50.06,129
50.08,129
50.10,129
50.12,129
50.14,129
50.16,129
50.18,129
50.20,129
50.22,129
50.24,129
50.26,129
50.28,129
50.30,129
50.32,129
50.34,129
50.36,129
50.38,129
50.40,129
50.42,129
50.44,129
50.46,129
50.48,129
50.50,129
50.52,129
50.54,129
50.56,129
50.58,129
50.60,129
50.62,129
50.64,129
50.66,129
50.68,129
50.70,129
50.72,129
50.74,129
50.76,129
50.78,129
50.80,129
50.82,129
50.84,129
50.86,129
50.88,129
50.90,129
50.92,129
50.94,129
50.96,129
50.98,129
51.00,129
51.02,129
51.04,129
51.06,129
51.08,129
51.10,129
51.12,129
51.14,129
51.16,129
51.18,129
51.20,129
51.22,129
51.24,129
51.26,129
51.28,129
51.30,129
51.32,129
51.34,129
51.36,129
51.38,129
51.40,129
51.42,129
51.44,129
51.46,129
51.48,129
51.50,129
51.52,129
51.54,129
51.56,129
51.58,129
51.60,129
51.62,129
51.64,129
51.66,129
51.68,129
51.70,129
51.72,129
51.74,129
51.76,129
51.78,129
51.80,129
51.82,129
51.84,129
51.86,129
51.88,129
51.90,129
51.92,129
51.94,129
51.96,129
51.98,129
52.00,129
52.02,129
52.04,129
52.06,129
52.08,129
52.10,129
52.12,129
52.14,129
52.16,129
52.18,129
52.20,129
52.22,129
52.24,129
52.26,129
52.28,129
52.30,129
52.32,129
52.34,129
52.36,129
52.38,129
52.40,129
52.42,129
52.44,129
52.46,129
52.48,129
52.50,129
52.52,129
52.54,129
52.56,129
52.58,129
52.60,129
52.62,129
52.64,129
52.66,129
52.68,129
52.70,129
52.72,129
52.74,129
52.76,129
52.78,129
52.80,129
52.82,129
52.84,129
52.86,129
52.88,129
52.90,129
52.92,129
52.94,129
52.96,129
52.98,129
53.00,129
53.02,129
53.04,129
53.06,129
53.08,129
53.10,129
53.12,129
53.14,129
53.16,129
53.18,129
53.20,129
53.22,129
53.24,129
53.26,129
53.28,129
53.30,129
53.32,129
53.34,129
53.36,129
53.38,129
53.40,129
53.42,129
53.44,129
53.46,129
53.48,129
53.50,129
53.52,129
53.54,129
53.56,129
53.58,129
53.60,129
53.62,129
53.64,129
53.66,129
53.68,129
53.70,129
53.72,129
53.74,129
53.76,129
53.78,129
53.80,129
53.82,129
53.84,129
53.86,129
53.88,129
53.90,129
53.92,129
53.94,129
53.96,129
53.98,129
54.00,129
54.02,129
54.04,129
54.06,129
54.08,129
54.10,129
54.12,129
54.14,129
54.16,129
54.18,129
54.20,129
54.22,129
54.24,129
54.26,129
54.28,129
54.30,129
54.32,129
54.34,129
54.36,129
54.38,129
54.40,129
54.42,129
54.44,129
54.46,129
54.48,129
54.50,129
54.52,129
54.54,129
54.56,129
54.58,129
54.60,129
54.62,129
54.64,129
54.66,129
54.68,129
54.70,129
54.72,129
54.74,129
54.76,129
54.78,129
54.80,129
54.82,129
54.84,129
54.86,129
54.88,129
54.90,129
54.92,129
54.94,129
54.96,129
54.98,129
55.00,129
55.02,129
55.04,129
55.06,129
55.08,129
55.10,129
55.12,129
55.14,129
55.16,129
55.18,129
55.20,129
55.22,129
55.24,129
55.26,129
55.28,129
55.30,129
55.32,129
55.34,129
55.36,129
55.38,129
55.40,129
55.42,129
55.44,129
55.46,129
55.48,129
55.50,129
55.52,129
55.54,129
55.56,129
55.58,129
55.60,129
55.62,129
55.64,129
55.66,129
55.68,129
55.70,129
55.72,129
55.74,129
55.76,129
55.78,129
55.80,129
55.82,129
55.84,129
55.86,129
55.88,129
55.90,129
55.92,129
55.94,129
55.96,129
55.98,129
56.00,129
56.02,129
56.04,129
56.06,129
56.08,129
56.10,129
56.12,129
56.14,129
56.16,129
56.18,129
56.20,129
56.22,129
56.24,129
56.26,129
56.28,129
56.30,129
56.32,129
56.34,129
56.36,129
56.38,129
56.40,129
56.42,129
56.44,129
56.46,129
56.48,129
56.50,129
56.52,129
56.54,129
56.56,129
56.58,129
56.60,129
56.62,129
56.64,129
56.66,129
56.68,129
56.70,129
56.72,129
56.74,129
56.76,129
56.78,129
56.80,129
56.82,129
56.84,129
56.86,129
56.88,129
56.90,129
56.92,129
56.94,129
56.96,129
56.98,129
57.00,129
57.02,129
57.04,129
57.06,129
57.08,129
57.10,129
57.12,129
57.14,129
57.16,129
57.18,129
57.20,129
57.22,129
57.24,129
57.26,129
57.28,129
57.30,129
57.32,129
57.34,129
57.36,129
57.38,129
57.40,129
57.42,129
57.44,129
57.46,129
57.48,129
57.50,129
57.52,129
57.54,129
57.56,129
57.58,129
57.60,129
57.62,129
57.64,129
57.66,129
57.68,129
57.70,129
57.72,129
57.74,129
57.76,129
57.78,129
57.80,129
57.82,129
57.84,129
57.86,129
57.88,129
57.90,129
57.92,129
57.94,129
57.96,129
57.98,129
58.00,129
58.02,129
58.04,129
58.06,129
58.08,129
58.10,129
58.12,129
58.14,129
58.16,129
58.18,129
58.20,129
58.22,129
58.24,129
58.26,129
58.28,129
58.30,129
58.32,129
58.34,129
58.36,129
58.38,129
58.40,129
58.42,129
58.44,129
58.46,129
58.48,129
58.50,129
58.52,129
58.54,129
58.56,129
58.58,129
58.60,129
58.62,129
58.64,129
58.66,129
58.68,129
58.70,129
58.72,129
58.74,129
58.76,129
58.78,129
58.80,129
58.82,129
58.84,129
58.86,129
58.88,129
58.90,129
58.92,129
58.94,129
58.96,129
58.98,129
59.00,129
59.02,129
59.04,129
59.06,129
59.08,129
59.10,129
59.12,129
59.14,129
59.16,129
59.18,129
59.20,129
59.22,129
59.24,129
59.26,129
59.28,129
59.30,129
59.32,129
59.34,129
59.36,129
59.38,129
59.40,129
59.42,129
59.44,129
59.46,129
59.48,129
59.50,129
59.52,129
59.54,129
59.56,129
59.58,129
59.60,129
59.62,129
59.64,129
59.66,129
59.68,129
59.70,129
59.72,129
59.74,129
59.76,129
59.78,129
59.80,129
59.82,129
59.84,129
59.86,129
59.88,129
59.90,129
59.92,129
59.94,129
59.96,129
59.98,129
60.00,129
60.02,129
60.04,129
60.06,129
60.08,129
60.10,129
60.12,129
60.14,129
60.16,129
60.18,129
60.20,129
60.22,129
60.24,129
60.26,129
60.28,129
60.30,129
60.32,129
60.34,129
60.36,129
60.38,129
60.40,129
60.42,129
60.44,129
60.46,129
60.48,129
60.50,129
60.52,129
60.54,129
60.56,129
60.58,129
60.60,129
60.62,129
60.64,129
60.66,129
60.68,129
60.70,129
60.72,129
60.74,129
60.76,129
60.78,129
60.80,129
60.82,129
60.84,129
60.86,129
60.88,129
60.90,129
60.92,129
60.94,129
60.96,129
60.98,129
61.00,129
61.02,129
61.04,129
61.06,129
61.08,129
61.10,129
61.12,129
61.14,129
61.16,129
61.18,129
61.20,129
61.22,129
61.24,129
61.26,129
61.28,129
61.30,129
61.32,129
61.34,129
61.36,129
61.38,129
61.40,129
61.42,129
61.44,129
61.46,128
61.48,128
61.50,128
61.52,128
61.54,128
61.56,128
61.58,128
61.60,128
61.62,128
61.64,128
61.66,128
61.68,128
61.70,128
61.72,128
61.74,128
61.76,128
61.78,128
61.80,128
61.82,128
61.84,128
61.86,128
61.88,128
61.90,128
61.92,128
61.94,128
61.96,128
61.98,128
62.00,128
62.02,128
62.04,128
62.06,128
62.08,128
62.10,128
62.12,128
62.14,128
62.16,128
62.18,128
62.20,128
62.22,128
62.24,128
62.26,128
62.28,128
62.30,128
62.32,128
62.34,128
62.36,128
62.38,128
62.40,128
62.42,128
62.44,128
62.46,128
62.48,128
62.50,128
62.52,128
62.54,128
62.56,128
62.58,128
62.60,128
62.62,128
62.64,128
62.66,128
62.68,128
62.70,128
62.72,128
62.74,128
62.76,128
62.78,128
62.80,128
62.82,128
62.84,128
62.86,128
62.88,128
62.90,128
62.92,128
62.94,128
62.96,128
62.98,128
63.00,128
63.02,128
63.04,128
63.06,128
63.08,128
63.10,128
63.12,128
63.14,128
63.16,128
63.18,128
63.20,128
63.22,128
63.24,128
63.26,128
63.28,128
63.30,128
63.32,128
63.34,128
63.36,128
63.38,128
63.40,128
63.42,128
63.44,128
63.46,128
63.48,128
63.50,128
63.52,128
63.54,128
63.56,128
63.58,128
63.60,128
63.62,128
63.64,128
63.66,128
63.68,128
63.70,128
63.72,128
63.74,128
63.76,128
63.78,128
63.80,128
63.82,128
63.84,128
63.86,128
63.88,128
63.90,128
63.92,128
63.94,128
63.96,128
63.98,128
64.00,128
64.02,128
64.04,128
64.06,128
64.08,128
64.10,128
64.12,128
64.14,128
64.16,128
64.18,128
64.20,128
64.22,128
64.24,128
64.26,128
64.28,128
64.30,128
64.32,128
64.34,128
64.36,128
64.38,128
64.40,128
64.42,128
64.44,128
64.46,128
64.48,128
64.50,128
64.52,128
64.54,128
64.56,128
64.58,128
64.60,128
64.62,128
64.64,128
64.66,128
64.68,128
64.70,128
64.72,128
64.74,128
64.76,128
64.78,128
64.80,128
64.82,128
64.84,128
64.86,128
64.88,128
64.90,128
64.92,128
64.94,128
64.96,128
64.98,128
65.00,128
65.02,128
65.04,128
65.06,128
65.08,128
65.10,128
65.12,128
65.14,128
65.16,128
65.18,128
65.20,128
65.22,128
65.24,128
65.26,128
65.28,128
65.30,128
65.32,128
65.34,128
65.36,128
65.38,128
65.40,128
65.42,128
65.44,128
65.46,128
65.48,128
65.50,128
65.52,128
65.54,128
65.56,128
65.58,128
65.60,128
65.62,128
65.64,128
65.66,128
65.68,128
65.70,128
65.72,128
65.74,128
65.76,128
65.78,128
65.80,128
65.82,128
65.84,128
65.86,128
65.88,128
65.90,128
65.92,128
65.94,128
65.96,128
65.98,128
66.00,128
66.02,128
66.04,128
66.06,128
66.08,128
66.10,128
66.12,128
66.14,128
66.16,128
66.18,128
66.20,128
66.22,128
66.24,128
66.26,128
66.28,128
66.30,128
66.32,128
66.34,128
66.36,128
66.38,128
66.40,128
66.42,128
66.44,128
66.46,128
66.48,128
66.50,128
66.52,128
66.54,128
66.56,128
66.58,128
66.60,128
66.62,128
66.64,128
66.66,128
66.68,128
66.70,128
66.72,128
66.74,128
66.76,128
66.78,128
66.80,128
66.82,128
66.84,128
66.86,128
66.88,128
66.90,128
66.92,128
66.94,128
66.96,128
66.98,128
67.00,128
67.02,128
67.04,128
67.06,128
67.08,128
67.10,128
67.12,128
67.14,128
67.16,128
67.18,128
67.20,128
67.22,128
67.24,128
67.26,128
67.28,128
67.30,128
67.32,128
67.34,128
67.36,128
67.38,128
67.40,128
67.42,128
67.44,128
67.46,128
67.48,128
67.50,128
67.52,128
67.54,128
67.56,128
67.58,128
67.60,128
67.62,128
67.64,128
67.66,128
67.68,128
67.70,128
67.72,128
67.74,128
67.76,128
67.78,128
67.80,128
67.82,128
67.84,128
67.86,128
67.88,128
67.90,128
67.92,128
67.94,128
67.96,128
67.98,128
68.00,128
68.02,128
68.04,128
68.06,128
68.08,128
68.10,128
68.12,128
68.14,128
68.16,128
68.18,128
68.20,128
68.22,128
68.24,128
68.26,128
68.28,128
68.30,128
68.32,128
68.34,128
68.36,128
68.38,128
68.40,128
68.42,128
68.44,128
68.46,128
68.48,128
68.50,128
68.52,128
68.54,128
68.56,128
68.58,128
68.60,128
68.62,128
68.64,128
68.66,128
68.68,128
68.70,128
68.72,128
68.74,128
68.76,128
68.78,128
68.80,128
68.82,128
68.84,128
68.86,128
68.88,128
68.90,128
68.92,128
68.94,128
68.96,128
68.98,128
69.00,128
69.02,128
69.04,128
69.06,128
69.08,128
69.10,128
69.12,128
69.14,128
69.16,128
69.18,128
69.20,128
69.22,128
69.24,128
69.26,128
69.28,128
69.30,128
69.32,128
69.34,128
69.36,128
69.38,128
69.40,128
69.42,128
69.44,128
69.46,128
69.48,128
69.50,128
69.52,128
69.54,128
69.56,128
69.58,128
69.60,128
69.62,128
69.64,128
69.66,128
69.68,128
69.70,128
69.72,128
69.74,128
69.76,128
69.78,128
69.80,128
69.82,128
69.84,128
69.86,128
69.88,128
69.90,128
69.92,128
69.94,128
69.96,128
69.98,128
70.00,128
70.02,128
70.04,128
70.06,128
70.08,128
70.10,128
70.12,128
70.14,128
70.16,128
70.18,128
70.20,128
70.22,128
70.24,128
70.26,128
70.28,128
70.30,128
70.32,128
70.34,128
70.36,128
70.38,128
70.40,128
70.42,128
70.44,128
70.46,128
70.48,128
70.50,128
70.52,128
70.54,128
70.56,128
70.58,128
70.60,128
70.62,128
70.64,128
70.66,128
70.68,128
70.70,128
70.72,128
70.74,128
70.76,128
70.78,128
70.80,128
70.82,128
70.84,128
70.86,128
70.88,128
70.90,128
70.92,128
70.94,128
70.96,128
70.98,128
71.00,128
71.02,128
71.04,128
71.06,128
71.08,128
71.10,128
71.12,128
71.14,128
71.16,128
71.18,128
71.20,128
71.22,128
71.24,128
71.26,128
71.28,128
71.30,128
71.32,128
71.34,128
71.36,128
71.38,128
71.40,128
71.42,128
71.44,128
71.46,128
71.48,128
71.50,128
71.52,128
71.54,128
71.56,128
71.58,128
71.60,128
71.62,128
71.64,128
71.66,128
71.68,128
71.70,128
71.72,128
71.74,128
71.76,128
71.78,128
71.80,128
71.82,128
71.84,128
71.86,128
71.88,128
71.90,128
71.92,128
71.94,128
71.96,128
71.98,128
72.00,128
72.02,128
72.04,128
72.06,128
72.08,128
72.10,128
72.12,128
72.14,128
72.16,128
72.18,128
72.20,128
72.22,128
72.24,128
72.26,128
72.28,128
72.30,128
72.32,128
72.34,128
72.36,128
72.38,128
72.40,128
72.42,128
72.44,128
72.46,128
72.48,128
72.50,128
72.52,128
72.54,128
72.56,128
72.58,128
72.60,128
72.62,128
72.64,128
72.66,128
72.68,128
72.70,128
72.72,128
72.74,128
72.76,128
72.78,128
72.80,128
72.82,128
72.84,128
72.86,128
72.88,128
72.90,128
72.92,128
72.94,128
72.96,128
72.98,128
73.00,128
73.02,128
73.04,128
73.06,128
73.08,128
73.10,128
73.12,128
73.14,128
73.16,128
73.18,128
73.20,128
73.22,128
73.24,128
73.26,128
73.28,128
73.30,128
73.32,128
73.34,128
73.36,128
73.38,128
73.40,128
73.42,128
73.44,128
73.46,128
73.48,128
73.50,128
73.52,128
73.54,128
73.56,128
73.58,128
73.60,128
73.62,128
73.64,128
73.66,128
73.68,128
73.70,128
73.72,128
73.74,128
73.76,128
73.78,128
73.80,128
73.82,128
73.84,128
73.86,128
73.88,128
73.90,128
73.92,128
73.94,128
73.96,128
73.98,128
74.00,128
74.02,128
74.04,128
74.06,128
74.08,128
74.10,128
74.12,128
74.14,128
74.16,128
74.18,128
74.20,128
74.22,128
74.24,128
74.26,128
74.28,128
74.30,128
74.32,128
74.34,128
74.36,128
74.38,128
74.40,128
74.42,128
74.44,128
74.46,128
74.48,128
74.50,128
74.52,128
74.54,128
74.56,128
74.58,128
74.60,128
74.62,128
74.64,128
74.66,128
74.68,128
74.70,128
74.72,128
74.74,128
74.76,128
74.78,128
74.80,128
74.82,128
74.84,128
74.86,128
74.88,128
74.90,128
74.92,128
74.94,128
74.96,128
74.98,128
75.00,128
75.02,128
75.04,128
75.06,128
75.08,128
75.10,128
75.12,128
75.14,128
75.16,128
75.18,128
75.20,128
75.22,128
75.24,128
75.26,128
75.28,128
75.30,128
75.32,128
75.34,128
75.36,128
75.38,128
75.40,128
75.42,128
75.44,128
75.46,128
75.48,128
75.50,128
75.52,128
75.54,128
75.56,128
75.58,128
75.60,128
75.62,128
75.64,128
75.66,128
75.68,128
75.70,128
75.72,128
75.74,128
75.76,128
75.78,128
75.80,128
75.82,128
75.84,128
75.86,128
75.88,128
75.90,128
75.92,128
75.94,128
75.96,128
75.98,128
76.00,128
76.02,128
76.04,128
76.06,128
76.08,128
76.10,128
76.12,128
76.14,128
76.16,128
76.18,128
76.20,128
76.22,128
76.24,128
76.26,128
76.28,128
76.30,128
76.32,128
76.34,128
76.36,128
76.38,128
76.40,128
76.42,128
76.44,128
76.46,128
76.48,128
76.50,128
76.52,128
76.54,128
76.56,128
76.58,128
76.60,128
76.62,128
76.64,128
76.66,128
76.68,128
76.70,128
76.72,128
76.74,128
76.76,128
76.78,128
76.80,128
76.82,128
76.84,128
76.86,128
76.88,128
76.90,128
76.92,128
76.94,128
76.96,128
76.98,128
77.00,128
77.02,128
77.04,128
77.06,128
77.08,128
77.10,128
77.12,128
77.14,128
77.16,128
77.18,128
77.20,128
77.22,128
77.24,128
77.26,128
77.28,128
77.30,128
77.32,128
77.34,128
77.36,128
77.38,128
77.40,128
77.42,128
77.44,128
77.46,128
77.48,128
77.50,128
77.52,128
77.54,128
77.56,128
77.58,128
77.60,127
77.62,127
77.64,127
77.66,127
77.68,127
77.70,127
77.72,127
77.74,127
77.76,127
77.78,127
77.80,127
77.82,127
77.84,127
77.86,127
77.88,127
77.90,127
77.92,127
77.94,127
77.96,127
77.98,127
78.00,127
78.02,127
78.04,127
78.06,127
78.08,127
78.10,127
78.12,127
78.14,127
78.16,127
78.18,127
78.20,127
78.22,127
78.24,127
78.26,127
78.28,127
78.30,127
78.32,127
78.34,127
78.36,127
78.38,127
78.40,127
78.42,127
78.44,127
78.46,127
78.48,127
78.50,127
78.52,127
78.54,127
78.56,127
78.58,127
78.60,127
78.62,127
78.64,127
78.66,127
78.68,127
78.70,127
78.72,127
78.74,127
78.76,127
78.78,127
78.80,127
78.82,127
78.84,127
78.86,127
78.88,127
78.90,127
78.92,127
78.94,127
78.96,127
78.98,127
79.00,127
79.02,127
79.04,127
79.06,127
79.08,127
79.10,127
79.12,127
79.14,127
79.16,127
79.18,127
79.20,127
79.22,127
79.24,127
79.26,127
79.28,127
79.30,127
79.32,127
79.34,127
79.36,127
79.38,127
79.40,127
79.42,127
79.44,127
79.46,127
79.48,127
79.50,127
79.52,127
79.54,127
79.56,127
79.58,127
79.60,127
79.62,127
79.64,127
79.66,127
79.68,127
79.70,127
79.72,127
79.74,127
79.76,127
79.78,127
79.80,127
79.82,127
79.84,127
79.86,127
79.88,127
79.90,127
79.92,127
79.94,127
79.96,127
79.98,127
80.00,127
80.02,127
80.04,127
80.06,127
80.08,127
80.10,127
80.12,127
80.14,127
80.16,127
80.18,127
80.20,127
80.22,127
80.24,127
80.26,127
80.28,127
80.30,127
80.32,127
80.34,127
80.36,127
80.38,127
80.40,127
80.42,127
80.44,127
80.46,127
80.48,127
80.50,127
80.52,127
80.54,127
80.56,127
80.58,127
80.60,127
80.62,127
80.64,127
80.66,127
80.68,127
80.70,127
80.72,127
80.74,127
80.76,127
80.78,127
80.80,127
80.82,127
80.84,127
80.86,127
80.88,127
80.90,127
80.92,127
80.94,127
80.96,127
80.98,127
81.00,127
81.02,127
81.04,127
81.06,127
81.08,127
81.10,127
81.12,127
81.14,127
81.16,127
81.18,127
81.20,127
81.22,127
81.24,127
81.26,127
81.28,127
81.30,127
81.32,127
81.34,127
81.36,127
81.38,127
81.40,127
81.42,127
81.44,127
81.46,127
81.48,127
81.50,127
81.52,127
81.54,127
81.56,127
81.58,127
81.60,127
81.62,127
81.64,127
81.66,127
81.68,127
81.70,127
81.72,127
81.74,127
81.76,127
81.78,127
81.80,127
81.82,127
81.84,127
81.86,127
81.88,127
81.90,127
81.92,127
81.94,127
81.96,127
81.98,127
82.00,127
82.02,127
82.04,127
82.06,127
82.08,127
82.10,127
82.12,127
82.14,127
82.16,127
82.18,127
82.20,127
82.22,127
82.24,127
82.26,127
82.28,127
82.30,127
82.32,127
82.34,127
82.36,127
82.38,127
82.40,127
82.42,127
82.44,127
82.46,127
82.48,127
82.50,127
82.52,127
82.54,127
82.56,127
82.58,127
82.60,127
82.62,127
82.64,127
82.66,127
82.68,127
82.70,127
82.72,127
82.74,127
82.76,127
82.78,127
82.80,127
82.82,127
82.84,127
82.86,127
82.88,127
82.90,127
82.92,127
82.94,127
82.96,127
82.98,127
83.00,127
83.02,127
83.04,127
83.06,127
83.08,127
83.10,127
83.12,127
83.14,127
83.16,127
83.18,127
83.20,127
83.22,127
83.24,127
83.26,127
83.28,127
83.30,127
83.32,127
83.34,127
83.36,127
83.38,127
83.40,127
83.42,127
83.44,127
83.46,127
83.48,127
83.50,127
83.52,127
83.54,127
83.56,127
83.58,127
83.60,127
83.62,127
83.64,127
83.66,127
83.68,127
83.70,127
83.72,127
83.74,127
83.76,127
83.78,127
83.80,127
83.82,127
83.84,127
83.86,127
83.88,127
83.90,127
83.92,127
83.94,127
83.96,127
83.98,127
84.00,127
84.02,127
84.04,127
84.06,127
84.08,127
84.10,127
84.12,127
84.14,127
84.16,127
84.18,127
84.20,127
84.22,127
84.24,127
84.26,127
84.28,127
84.30,127
84.32,127
84.34,127
84.36,127
84.38,127
84.40,127
84.42,127
84.44,127
84.46,127
84.48,127
84.50,127
84.52,127
84.54,127
84.56,127
84.58,127
84.60,127
84.62,127
84.64,127
84.66,127
84.68,127
84.70,127
84.72,127
84.74,127
84.76,127
84.78,127
84.80,127
84.82,127
84.84,127
84.86,127
84.88,127
84.90,127
84.92,127
84.94,127
84.96,127
84.98,127
85.00,127
85.02,127
85.04,127
85.06,127
85.08,127
85.10,127
85.12,127
85.14,127
85.16,127
85.18,127
85.20,127
85.22,127
85.24,127
85.26,127
85.28,127
85.30,127
85.32,127
85.34,127
85.36,127
85.38,127
85.40,127
85.42,127
85.44,127
85.46,127
85.48,127
85.50,127
85.52,127
85.54,127
85.56,127
85.58,127
85.60,127
85.62,127
85.64,127
85.66,127
85.68,127
85.70,127
85.72,127
85.74,127
85.76,127
85.78,127
85.80,127
85.82,127
85.84,127
85.86,127
85.88,127
85.90,127
85.92,127
85.94,127
85.96,127
85.98,127
86.00,127
86.02,127
86.04,127
86.06,127
86.08,127
86.10,127
86.12,127
86.14,127
86.16,127
86.18,127
86.20,127
86.22,127
86.24,127
86.26,127
86.28,127
86.30,127
86.32,127
86.34,127
86.36,127
86.38,127
86.40,127
86.42,127
86.44,127
86.46,127
86.48,127
86.50,127
86.52,127
86.54,127
86.56,127
86.58,127
86.60,127
86.62,127
86.64,127
86.66,127
86.68,127
86.70,127
86.72,127
86.74,127
86.76,127
86.78,127
86.80,127
86.82,127
86.84,127
86.86,127
86.88,127
86.90,127
86.92,127
86.94,127
86.96,127
86.98,127
87.00,127
87.02,127
87.04,127
87.06,127
87.08,127
87.10,127
87.12,127
87.14,127
87.16,127
87.18,127
87.20,127
87.22,127
87.24,127
87.26,127
87.28,127
87.30,127
87.32,127
87.34,127
87.36,127
87.38,127
87.40,127
87.42,127
87.44,127
87.46,127
87.48,127
87.50,127
87.52,127
87.54,127
87.56,127
87.58,127
87.60,127
87.62,127
87.64,127
87.66,127
87.68,127
87.70,127
87.72,127
87.74,127
87.76,127
87.78,127
87.80,127
87.82,127
87.84,127
87.86,127
87.88,127
87.90,127
87.92,127
87.94,127
87.96,127
87.98,127
88.00,127
88.02,127
88.04,127
88.06,127
88.08,127
88.10,127
88.12,127
88.14,127
88.16,127
88.18,127
88.20,127
88.22,127
88.24,127
88.26,127
88.28,127
88.30,127
88.32,127
88.34,127
88.36,127
88.38,127
88.40,127
88.42,127
88.44,127
88.46,127
88.48,127
88.50,127
88.52,127
88.54,127
88.56,127
88.58,127
88.60,127
88.62,127
88.64,127
88.66,127
88.68,127
88.70,127
88.72,127
88.74,127
88.76,127
88.78,127
88.80,127
88.82,127
88.84,127
88.86,127
88.88,127
88.90,127
88.92,127
88.94,127
88.96,127
88.98,127
89.00,127
89.02,127
89.04,127
89.06,127
89.08,127
89.10,127
89.12,127
89.14,127
89.16,127
89.18,127
89.20,127
89.22,127
89.24,127
89.26,127
89.28,127
89.30,127
89.32,127
89.34,127
89.36,127
89.38,127
89.40,127
89.42,127
89.44,127
89.46,127
89.48,127
89.50,127
89.52,127
89.54,127
89.56,127
89.58,127
89.60,127
89.62,127
89.64,127
89.66,127
89.68,127
89.70,127
89.72,127
89.74,127
89.76,127
89.78,127
89.80,127
89.82,127
89.84,127
89.86,127
89.88,127
89.90,127
89.92,127
89.94,127
89.96,127
89.98,127
90.00,127
90.02,127
90.04,127
90.06,127
90.08,127
90.10,127
90.12,127
90.14,127
90.16,127
90.18,127
90.20,127
90.22,127
90.24,127
90.26,127
90.28,127
90.30,127
90.32,127
90.34,127
90.36,127
90.38,127
90.40,127
90.42,127
90.44,127
90.46,127
90.48,127
90.50,127
90.52,127
90.54,127
90.56,127
90.58,127
90.60,127
90.62,127
90.64,127
90.66,127
90.68,127
90.70,127
90.72,127
90.74,127
90.76,127
90.78,127
90.80,127
90.82,127
90.84,127
90.86,127
90.88,127
90.90,127
90.92,127
90.94,127
90.96,127
90.98,127
91.00,127
91.02,127
91.04,127
91.06,127
91.08,127
91.10,127
91.12,127
91.14,127
91.16,127
91.18,127
91.20,127
91.22,127
91.24,127
91.26,127
91.28,127
91.30,127
91.32,127
91.34,127
91.36,127
91.38,127
91.40,127
91.42,127
91.44,127
91.46,127
91.48,127
91.50,127
91.52,127
91.54,127
91.56,127
91.58,127
91.60,127
91.62,127
91.64,127
91.66,127
91.68,127
91.70,127
91.72,127
91.74,127
91.76,127
91.78,127
91.80,127
91.82,127
91.84,127
91.86,127
91.88,127
91.90,127
91.92,127
91.94,127
91.96,127
91.98,127
92.00,127
92.02,127
92.04,127
92.06,127
92.08,127
92.10,127
92.12,127
92.14,127
92.16,127
92.18,127
92.20,127
92.22,127
92.24,127
92.26,127
92.28,127
92.30,127
92.32,127
92.34,127
92.36,127
92.38,127
92.40,127
92.42,127
92.44,127
92.46,127
92.48,127
92.50,127
92.52,127
92.54,127
92.56,127
92.58,127
92.60,127
92.62,127
92.64,127
92.66,127
92.68,127
92.70,127
92.72,127
92.74,127
92.76,127
92.78,127
92.80,127
92.82,127
92.84,127
92.86,127
92.88,127
92.90,127
92.92,127
92.94,127
92.96,127
92.98,127
93.00,127
93.02,127
93.04,127
93.06,127
93.08,127
93.10,127
93.12,127
93.14,127
93.16,127
93.18,127
93.20,127
93.22,127
93.24,127
93.26,127
93.28,127
93.30,127
93.32,127
93.34,127
93.36,127
93.38,127
93.40,127
93.42,127
93.44,127
93.46,127
93.48,127
93.50,127
93.52,127
93.54,127
93.56,127
93.58,127
93.60,127
93.62,127
93.64,127
93.66,127
93.68,127
93.70,127
93.72,127
93.74,127
93.76,127
93.78,127
93.80,127
93.82,127
93.84,127
93.86,127
93.88,127
93.90,127
93.92,127
93.94,127
93.96,127
93.98,127
94.00,127
94.02,127
94.04,127
94.06,127
94.08,127
94.10,127
94.12,127
94.14,127
94.16,127
94.18,127
94.20,127
94.22,127
94.24,127
94.26,127
94.28,127
94.30,127
94.32,127
94.34,127
94.36,127
94.38,127
94.40,127
94.42,127
94.44,127
94.46,127
94.48,127
94.50,127
94.52,127
94.54,127
94.56,127
94.58,127
94.60,127
94.62,127
94.64,127
94.66,127
94.68,127
94.70,127
94.72,127
94.74,127
94.76,127
94.78,127
94.80,127
94.82,127
94.84,127
94.86,127
94.88,127
94.90,127
94.92,127
94.94,127
94.96,127
94.98,127
95.00,127
95.02,127
95.04,127
95.06,127
95.08,127
95.10,127
95.12,126
95.14,126
95.16,126
95.18,126
95.20,126
95.22,126
95.24,126
95.26,126
95.28,126
95.30,126
95.32,126
95.34,126
95.36,126
95.38,126
95.40,126
95.42,126
95.44,126
95.46,126
95.48,126
95.50,126
95.52,126
95.54,126
95.56,126
95.58,126
95.60,126
95.62,126
95.64,126
95.66,126
95.68,126
95.70,126
95.72,126
95.74,126
95.76,126
95.78,126
95.80,126
95.82,126
95.84,126
95.86,126
95.88,126
95.90,126
95.92,126
95.94,126
95.96,126
95.98,126
96.00,126
96.02,126
96.04,126
96.06,126
96.08,126
96.10,126
96.12,126
96.14,126
96.16,126
96.18,126
96.20,126
96.22,126
96.24,126
96.26,126
96.28,126
96.30,126
96.32,126
96.34,126
96.36,126
96.38,126
96.40,126
96.42,126
96.44,126
96.46,126
96.48,126
96.50,126
96.52,126
96.54,126
96.56,126
96.58,126
96.60,126
96.62,126
96.64,126
96.66,126
96.68,126
96.70,126
96.72,126
96.74,126
96.76,126
96.78,126
96.80,126
96.82,126
96.84,126
96.86,126
96.88,126
96.90,126
96.92,126
96.94,126
96.96,126
96.98,126
97.00,126
97.02,126
97.04,126
97.06,126
97.08,126
97.10,126
97.12,126
97.14,126
97.16,126
97.18,126
97.20,126
97.22,126
97.24,126
97.26,126
97.28,126
97.30,126
97.32,126
97.34,126
97.36,126
97.38,126
97.40,126
97.42,126
97.44,126
97.46,126
97.48,126
97.50,126
97.52,126
97.54,126
97.56,126
97.58,126
97.60,126
97.62,126
97.64,126
97.66,126
97.68,126
97.70,126
97.72,126
97.74,126
97.76,126
97.78,126
97.80,126
97.82,126
97.84,126
97.86,126
97.88,126
97.90,126
97.92,126
97.94,126
97.96,126
97.98,126
98.00,126
98.02,126
98.04,126
98.06,126
98.08,126
98.10,126
98.12,126
98.14,126
98.16,126
98.18,126
98.20,126
98.22,126
98.24,126
98.26,126
98.28,126
98.30,126
98.32,126
98.34,126
98.36,126
98.38,126
98.40,126
98.42,126
98.44,126
98.46,126
98.48,126
98.50,126
98.52,126
98.54,126
98.56,126
98.58,126
98.60,126
98.62,126
98.64,126
98.66,126
98.68,126
98.70,126
98.72,126
98.74,126
98.76,126
98.78,126
98.80,126
98.82,126
98.84,126
98.86,126
98.88,126
98.90,126
98.92,126
98.94,126
98.96,126
98.98,126
99.00,126
99.02,126
99.04,126
99.06,126
99.08,126
99.10,126
99.12,126
99.14,126
99.16,126
99.18,126
99.20,126
99.22,126
99.24,126
99.26,126
99.28,126
99.30,126
99.32,126
99.34,126
99.36,126
99.38,126
99.40,126
99.42,126
99.44,126
99.46,126
99.48,126
99.50,126
99.52,126
99.54,126
99.56,126
99.58,126
99.60,126
99.62,126
99.64,126
99.66,126
99.68,126
99.70,126
99.72,126
99.74,126
99.76,126
99.78,126
99.80,126
99.82,126
99.84,126
99.86,126
99.88,126
99.90,126
99.92,126
99.94,126
99.96,126
99.98,126
100.00,126
100.02,126
100.04,126
100.06,126
100.08,126
100.10,126
100.12,126
100.14,126
100.16,126
100.18,126
100.20,126
100.22,126
100.24,126
100.26,126
100.28,126
100.30,126
100.32,126
100.34,126
100.36,126
100.38,126
100.40,126
100.42,126
100.44,126
100.46,126
100.48,126
100.50,126
100.52,126
100.54,126
100.56,126
100.58,126
100.60,126
100.62,126
100.64,126
100.66,126
100.68,126
100.70,126
100.72,126
100.74,126
100.76,126
100.78,126
100.80,126
100.82,126
100.84,126
100.86,126
100.88,126
100.90,126
100.92,126
100.94,126
100.96,126
100.98,126
101.00,126
101.02,126
101.04,126
101.06,126
101.08,126
101.10,126
101.12,126
101.14,126
101.16,126
101.18,126
101.20,126
101.22,126
101.24,126
101.26,126
101.28,126
101.30,126
101.32,126
101.34,126
101.36,126
101.38,126
101.40,126
101.42,126
101.44,126
101.46,126
101.48,126
101.50,126
101.52,126
101.54,126
101.56,126
101.58,126
101.60,126
101.62,126
101.64,126
101.66,126
101.68,126
101.70,126
101.72,126
101.74,126
101.76,126
101.78,126
101.80,126
101.82,126
101.84,126
101.86,126
101.88,126
101.90,126
101.92,126
101.94,126
101.96,126
101.98,126
102.00,126
102.02,126
102.04,126
102.06,126
102.08,126
102.10,126
102.12,126
102.14,126
102.16,126
102.18,126
102.20,126
102.22,126
102.24,126
102.26,126
102.28,126
102.30,126
102.32,126
102.34,126
102.36,126
102.38,126
102.40,126
102.42,126
102.44,126
102.46,126
102.48,126
102.50,126
102.52,126
102.54,126
102.56,126
102.58,126
102.60,126
102.62,126
102.64,126
102.66,126
102.68,126
102.70,126
102.72,126
102.74,126
102.76,126
102.78,126
102.80,126
102.82,126
102.84,126
102.86,126
102.88,126
102.90,126
102.92,126
102.94,126
102.96,126
102.98,126
103.00,126
103.02,126
103.04,126
103.06,126
103.08,126
103.10,126
103.12,126
103.14,126
103.16,126
103.18,126
103.20,126
103.22,126
103.24,126
103.26,126
103.28,126
103.30,126
103.32,126
103.34,126
103.36,126
103.38,126
103.40,126
103.42,126
103.44,126
103.46,126
103.48,126
103.50,126
103.52,126
103.54,126
103.56,126
103.58,126
103.60,126
103.62,126
103.64,126
103.66,126
103.68,126
103.70,126
103.72,126
103.74,126
103.76,126
103.78,126
103.80,126
103.82,126
103.84,126
103.86,126
103.88,126
103.90,126
103.92,126
103.94,126
103.96,126
103.98,126
104.00,126
104.02,126
104.04,126
104.06,126
104.08,126
104.10,126
104.12,126
104.14,126
104.16,126
104.18,126
104.20,126
104.22,126
104.24,126
104.26,126
104.28,126
104.30,126
104.32,126
104.34,126
104.36,126
104.38,126
104.40,126
104.42,126
104.44,126
104.46,126
104.48,126
104.50,126
104.52,126
104.54,126
104.56,126
104.58,126
104.60,126
104.62,126
104.64,126
104.66,126
104.68,126
104.70,126
104.72,126
104.74,126
104.76,126
104.78,126
104.80,126
104.82,126
104.84,126
104.86,126
104.88,126
104.90,126
104.92,126
104.94,126
104.96,126
104.98,126
105.00,126
105.02,126
105.04,126
105.06,126
105.08,126
105.10,126
105.12,126
105.14,126
105.16,126
105.18,126
105.20,126
105.22,126
105.24,126
105.26,126
105.28,126
105.30,126
105.32,126
105.34,126
105.36,126
105.38,126
105.40,126
105.42,126
105.44,126
105.46,126
105.48,126
105.50,126
105.52,126
105.54,126
105.56,126
105.58,126
105.60,126
105.62,126
105.64,126
105.66,126
105.68,126
105.70,126
105.72,126
105.74,126
105.76,126
105.78,126
105.80,126
105.82,126
105.84,126
105.86,126
105.88,126
105.90,126
105.92,126
105.94,126
105.96,126
105.98,126
106.00,126
106.02,126
106.04,126
106.06,126
106.08,126
106.10,126
106.12,126
106.14,126
106.16,126
106.18,126
106.20,126
106.22,126
106.24,126
106.26,126
106.28,126
106.30,126
106.32,126
106.34,126
106.36,126
106.38,126
106.40,126
106.42,126
106.44,126
106.46,126
106.48,126
106.50,126
106.52,126
106.54,126
106.56,126
106.58,126
106.60,126
106.62,126
106.64,126
106.66,126
106.68,126
106.70,126
106.72,126
106.74,126
106.76,126
106.78,126
106.80,126
106.82,126
106.84,126
106.86,126
106.88,126
106.90,126
106.92,126
106.94,126
106.96,126
106.98,126
107.00,126
107.02,126
107.04,126
107.06,126
107.08,126
107.10,126
107.12,126
107.14,126
107.16,126
107.18,126
107.20,126
107.22,126
107.24,126
107.26,126
107.28,126
107.30,126
107.32,126
107.34,126
107.36,126
107.38,126
107.40,126
107.42,126
107.44,126
107.46,126
107.48,126
107.50,126
107.52,126
107.54,126
107.56,126
107.58,126
107.60,126
107.62,126
107.64,126
107.66,126
107.68,126
107.70,126
107.72,126
107.74,126
107.76,126
107.78,126
107.80,126
107.82,126
107.84,126
107.86,126
107.88,126
107.90,126
107.92,126
107.94,126
107.96,126
107.98,126
108.00,126
108.02,126
108.04,126
108.06,126
108.08,126
108.10,126
108.12,126
108.14,126
108.16,126
108.18,126
108.20,126
108.22,126
108.24,126
108.26,126
108.28,126
108.30,126
108.32,126
108.34,126
108.36,126
108.38,126
108.40,126
108.42,126
108.44,126
108.46,126
108.48,126
108.50,126
108.52,126
108.54,126
108.56,126
108.58,126
108.60,126
108.62,126
108.64,126
108.66,126
108.68,126
108.70,126
108.72,126
108.74,126
108.76,126
108.78,126
108.80,126
108.82,126
108.84,126
108.86,126
108.88,126
108.90,126
108.92,126
108.94,126
108.96,126
108.98,126
109.00,126
109.02,126
109.04,126
109.06,126
109.08,126
109.10,126
109.12,126
109.14,126
109.16,126
109.18,126
109.20,126
109.22,126
109.24,126
109.26,126
109.28,126
109.30,126
109.32,126
109.34,126
109.36,126
109.38,126
109.40,126
109.42,126
109.44,126
109.46,126
109.48,126
109.50,126
109.52,126
109.54,126
109.56,126
109.58,126
109.60,126
109.62,126
109.64,126
109.66,126
109.68,126
109.70,126
109.72,126
109.74,126
109.76,126
109.78,126
109.80,126
109.82,126
109.84,126
109.86,126
109.88,126
109.90,126
109.92,126
109.94,126
109.96,126
109.98,126
110.00,126
110.02,126
110.04,126
110.06,126
110.08,126
110.10,126
110.12,126
110.14,126
110.16,126
110.18,126
110.20,126
110.22,126
110.24,126
110.26,126
110.28,126
110.30,126
110.32,126
110.34,126
110.36,126
110.38,126
110.40,126
110.42,126
110.44,126
110.46,126
110.48,126
110.50,126
110.52,126
110.54,126
110.56,126
110.58,126
110.60,126
110.62,126
110.64,126
110.66,126
110.68,126
110.70,126
110.72,126
110.74,126
110.76,126
110.78,126
110.80,126
110.82,126
110.84,126
110.86,126
110.88,126
110.90,126
110.92,126
110.94,126
110.96,126
110.98,126
111.00,126
111.02,126
111.04,126
111.06,126
111.08,126
111.10,126
111.12,126
111.14,126
111.16,126
111.18,126
111.20,126
111.22,126
111.24,126
111.26,126
111.28,126
111.30,126
111.32,126
111.34,126
111.36,126
111.38,126
111.40,126
111.42,126
111.44,126
111.46,126
111.48,126
111.50,126
111.52,126
111.54,126
111.56,126
111.58,126
111.60,126
111.62,126
111.64,126
111.66,126
111.68,126
111.70,126
111.72,126
111.74,126
111.76,126
111.78,126
111.80,126
111.82,126
111.84,126
111.86,126
111.88,126
111.90,126
111.92,126
111.94,126
111.96,126
111.98,126
112.00,126
112.02,126
112.04,126
112.06,126
112.08,126
112.10,126
112.12,126
112.14,126
112.16,126
112.18,126
112.20,126
112.22,126
112.24,126
112.26,126
112.28,126
112.30,126
112.32,126
112.34,126
112.36,126
112.38,126
112.40,126
112.42,126
112.44,126
112.46,126
112.48,126
112.50,126
112.52,126
112.54,126
112.56,126
112.58,126
112.60,126
112.62,126
112.64,126
112.66,126
112.68,126
112.70,126
112.72,126
112.74,126
112.76,126
112.78,126
112.80,126
112.82,126
112.84,125
112.86,125
112.88,125
112.90,125
112.92,125
112.94,125
112.96,125
112.98,125
113.00,125
113.02,125
113.04,125
113.06,125
113.08,125
113.10,125
113.12,125
113.14,125
113.16,125
113.18,125
113.20,125
113.22,125
113.24,125
113.26,125
113.28,125
113.30,125
113.32,125
113.34,125
113.36,125
113.38,125
113.40,125
113.42,125
113.44,125
113.46,125
113.48,125
113.50,125
113.52,125
113.54,125
113.56,125
113.58,125
113.60,125
113.62,125
113.64,125
113.66,125
113.68,125
113.70,125
113.72,125
113.74,125
113.76,125
113.78,125
113.80,125
113.82,125
113.84,125
113.86,125
113.88,125
113.90,125
113.92,125
113.94,125
113.96,125
113.98,125
114.00,125
114.02,125
114.04,125
114.06,125
114.08,125
114.10,125
114.12,125
114.14,125
114.16,125
114.18,125
114.20,125
114.22,125
114.24,125
114.26,125
114.28,125
114.30,125
114.32,125
114.34,125
114.36,125
114.38,125
114.40,125
114.42,125
114.44,125
114.46,125
114.48,125
114.50,125
114.52,125
114.54,125
114.56,125
114.58,125
114.60,125
114.62,125
114.64,125
114.66,125
114.68,125
114.70,125
114.72,125
114.74,125
114.76,125
114.78,125
114.80,125
114.82,125
114.84,125
114.86,125
114.88,125
114.90,125
114.92,125
114.94,125
114.96,125
114.98,125
115.00,125
115.02,125
115.04,125
115.06,125
115.08,125
115.10,125
115.12,125
115.14,125
115.16,125
115.18,125
115.20,125
115.22,125
115.24,125
115.26,125
115.28,125
115.30,125
115.32,125
115.34,125
115.36,125
115.38,125
115.40,125
115.42,125
115.44,125
115.46,125
115.48,125
115.50,125
115.52,125
115.54,125
115.56,125
115.58,125
115.60,125
115.62,125
115.64,125
115.66,125
115.68,125
115.70,125
115.72,125
115.74,125
115.76,125
115.78,125
115.80,125
115.82,125
115.84,125
115.86,125
115.88,125
115.90,125
115.92,125
115.94,125
115.96,125
115.98,125
116.00,125
116.02,125
116.04,125
116.06,125
116.08,125
116.10,125
116.12,125
116.14,125
116.16,125
116.18,125
116.20,125
116.22,125
116.24,125
116.26,125
116.28,125
116.30,125
116.32,125
116.34,125
116.36,125
116.38,125
116.40,125
116.42,125
116.44,125
116.46,125
116.48,125
116.50,125
116.52,125
116.54,125
116.56,125
116.58,125
116.60,125
116.62,125
116.64,125
116.66,125
116.68,125
116.70,125
116.72,125
116.74,125
116.76,125
116.78,125
116.80,125
116.82,125
116.84,125
116.86,125
116.88,125
116.90,125
116.92,125
116.94,125
116.96,125
116.98,125
117.00,125
117.02,125
117.04,125
117.06,125
117.08,125
117.10,125
117.12,125
117.14,125
117.16,125
117.18,125
117.20,125
117.22,125
117.24,125
117.26,125
117.28,125
117.30,125
117.32,125
117.34,125
117.36,125
117.38,125
117.40,125
117.42,125
117.44,125
117.46,125
117.48,125
117.50,125
117.52,125
117.54,125
117.56,125
117.58,125
117.60,125
117.62,125
117.64,125
117.66,125
117.68,125
117.70,125
117.72,125
117.74,125
117.76,125
117.78,125
117.80,125
117.82,125
117.84,125
117.86,125
117.88,125
117.90,125
117.92,125
117.94,125
117.96,125
117.98,125
118.00,125
118.02,125
118.04,125
118.06,125
118.08,125
118.10,125
118.12,125
118.14,125
118.16,125
118.18,125
118.20,125
118.22,125
118.24,125
118.26,125
118.28,125
118.30,125
118.32,125
118.34,125
118.36,125
118.38,125
118.40,125
118.42,125
118.44,125
118.46,125
118.48,125
118.50,125
118.52,125
118.54,125
118.56,125
118.58,125
118.60,125
118.62,125
118.64,125
118.66,125
118.68,125
118.70,125
118.72,125
118.74,125
118.76,125
118.78,125
118.80,125
118.82,125
118.84,125
118.86,125
118.88,125
118.90,125
118.92,125
118.94,125
118.96,125
118.98,125
119.00,125
119.02,125
119.04,125
119.06,125
119.08,125
119.10,125
119.12,125
119.14,125
119.16,125
119.18,125
119.20,125
119.22,125
119.24,125
119.26,125
119.28,125
119.30,125
119.32,125
119.34,125
119.36,125
119.38,125
119.40,125
119.42,125
119.44,125
119.46,125
119.48,125
119.50,125
119.52,125
119.54,125
119.56,125
119.58,125
119.60,125
119.62,125
119.64,125
119.66,125
119.68,125
119.70,125
119.72,125
119.74,125
119.76,125
119.78,125
119.80,125
119.82,125
119.84,125
119.86,125
119.88,125
119.90,125
119.92,125
119.94,125
119.96,125
119.98,125
120.00,125
120.02,125
